unit,facility,geo\time	2007 	2008 	2009 	2010 	2011 	2012 	2013 	2014 	2015 	2016 	2017 	2018 
P_HTHAB,HBEDT,AT11	589.98 	577.56 	568.08 	566.62 	538.96 	599.50 	606.51 	601.63 	593.41 	602.79 	620.24 	604.67 
P_HTHAB,HBEDT,AT12	689.56 	695.96 	695.76 	708.29 	698.22 	701.69 	700.72 	707.48 	701.18 	688.49 	672.58 	673.91 
P_HTHAB,HBEDT,AT13	803.91 	790.37 	797.71 	791.90 	802.65 	788.07 	793.22 	799.93 	815.66 	795.94 	783.58 	756.47 
P_HTHAB,HBEDT,AT21	944.86 	929.79 	910.10 	899.42 	893.65 	888.71 	877.13 	863.93 	858.40 	836.87 	810.00 	818.84 
P_HTHAB,HBEDT,AT22	902.84 	901.97 	899.73 	887.94 	877.57 	871.61 	863.65 	837.32 	827.61 	816.83 	821.95 	815.22 
P_HTHAB,HBEDT,AT31	741.79 	734.16 	730.27 	734.32 	731.07 	720.67 	710.22 	694.11 	684.49 	676.60 	689.64 	686.75 
P_HTHAB,HBEDT,AT32	905.33 	909.52 	904.47 	908.77 	924.55 	959.12 	952.57 	942.54 	918.49 	918.47 	898.13 	883.01 
P_HTHAB,HBEDT,AT33	684.69 	676.56 	679.66 	657.57 	691.14 	699.56 	703.24 	697.65 	681.76 	675.15 	674.68 	669.66 
P_HTHAB,HBEDT,AT34	593.55 	570.54 	569.47 	561.23 	598.20 	600.11 	593.94 	590.02 	581.33 	569.80 	562.98 	537.63 
P_HTHAB,HBEDT,BE10	850.50 	815.48 	803.03 	773.48 	751.80 	740.51 	731.75 	714.43 	735.56 	726.38 	716.30 	711.51 e
P_HTHAB,HBEDT,BE21	589.94 	616.96 	588.26 	604.41 	595.83 	591.51 	585.93 	578.47 	575.05 	570.43 	560.25 	553.86 e
P_HTHAB,HBEDT,BE22	533.71 	528.96 	526.78 	522.03 	517.66 	510.20 	494.79 	494.29 	492.03 	489.11 	485.08 	483.36 e
P_HTHAB,HBEDT,BE23	673.45 	669.09 	663.50 	652.91 	646.65 	637.38 	632.76 	628.71 	621.60 	615.68 	608.44 	603.80 e
P_HTHAB,HBEDT,BE24	480.81 	476.64 	471.44 	468.23 	463.07 	451.71 	445.89 	443.19 	433.94 	429.96 	425.09 	423.95 e
P_HTHAB,HBEDT,BE25	723.14 	719.58 	702.57 	710.93 	708.82 	702.09 	694.95 	692.44 	691.73 	689.05 	683.68 	674.19 e
P_HTHAB,HBEDT,BE31	357.82 	355.34 	352.51 	347.50 	343.75 	341.24 	338.58 	258.79 	256.79 	252.55 	236.63 	234.80 e
P_HTHAB,HBEDT,BE32	664.83 	664.46 	662.96 	642.22 	651.88 	648.48 	644.22 	641.57 	638.96 	626.24 	607.79 	606.88 e
P_HTHAB,HBEDT,BE33	631.85 	625.90 	624.61 	618.66 	612.84 	609.55 	606.44 	602.94 	593.45 	581.39 	570.08 	566.43 e
P_HTHAB,HBEDT,BE34	447.40 	442.53 	438.45 	433.40 	428.11 	424.65 	422.73 	420.78 	417.02 	413.82 	410.09 	408.61 e
P_HTHAB,HBEDT,BE35	575.61 	570.03 	565.42 	559.02 	552.12 	548.98 	551.74 	552.56 	550.28 	540.46 	517.75 	514.89 e
P_HTHAB,HBEDT,BG31	622.92 	630.13 	658.99 	635.05 	639.00 	637.56 	665.41 	685.14 	718.00 	718.62 	769.15 	771.43 
P_HTHAB,HBEDT,BG32	605.74 	622.69 	636.05 	601.29 	576.01 	575.51 	611.31 	626.24 	651.68 	635.58 	645.45 	660.22 
P_HTHAB,HBEDT,BG33	485.04 	486.61 	503.59 	479.09 	478.87 	467.85 	478.56 	493.25 	518.15 	500.39 	511.70 	529.54 
P_HTHAB,HBEDT,BG34	600.96 	623.40 	641.60 	612.62 	563.90 	574.26 	606.66 	641.97 	614.37 	641.64 	656.29 	656.97 
P_HTHAB,HBEDT,BG41	658.35 	683.43 	686.45 	661.31 	634.80 	647.37 	654.45 	687.82 	696.17 	690.85 	701.04 	714.20 
P_HTHAB,HBEDT,BG42	609.51 	645.21 	676.14 	662.33 	651.86 	681.72 	702.75 	752.76 	772.44 	790.14 	816.88 	824.21 
P_HTHAB,HBEDT,CH01	561.17 	549.89 	532.38 	538.78 b	541.51 	544.55 	522.22 	521.30 	521.42 	516.25 	512.12 	506.11 
P_HTHAB,HBEDT,CH02	478.16 	471.13 	463.32 	474.61 b	464.53 	457.57 	449.12 	422.04 	435.22 	429.20 	422.96 	428.45 
P_HTHAB,HBEDT,CH03	617.72 	620.58 	612.34 	614.66 b	595.15 	594.23 	572.95 	568.08 	549.27 	539.70 	541.31 	538.86 
P_HTHAB,HBEDT,CH04	535.65 	528.58 	514.75 	488.63 b	468.78 	461.55 	444.37 	439.43 	437.11 	425.74 	427.16 	413.38 
P_HTHAB,HBEDT,CH05	618.75 	556.58 	545.44 	601.68 b	568.73 	543.53 	538.69 	519.01 	516.00 	522.33 	506.94 	507.49 
P_HTHAB,HBEDT,CH06	360.68 	352.31 	347.89 	354.02 b	346.78 	334.25 	335.06 	325.22 	327.56 	331.75 	333.01 	333.76 
P_HTHAB,HBEDT,CH07	589.20 	569.77 	564.88 	581.65 b	554.05 	550.55 	552.46 	546.71 	542.21 	545.93 	552.48 	553.28 
P_HTHAB,HBEDT,CY00	380.12 	378.45 	376.22 	356.62 	351.17 	346.09 	340.86 	341.58 	341.53 	342.67 	339.96 	330.09 
P_HTHAB,HBEDT,CZ01	975.92 	958.00 	934.06 	965.24 b	922.00 	895.74 	863.22 	863.29 	862.21 	853.31 	841.93 	830.15 
P_HTHAB,HBEDT,CZ02	580.18 	567.94 	575.93 	584.64 b	562.82 	559.44 	527.19 	520.85 	516.24 	514.96 	507.62 	508.35 
P_HTHAB,HBEDT,CZ03	728.90 	713.14 	713.53 	737.46 b	715.07 	708.69 	679.16 	675.97 	673.79 	663.36 	655.18 	656.18 
P_HTHAB,HBEDT,CZ04	680.56 	671.46 	670.01 	665.14 b	647.86 	636.02 	622.92 	621.25 	620.43 	629.90 	632.60 	627.02 
P_HTHAB,HBEDT,CZ05	684.72 	675.81 	683.38 	675.18 b	660.13 	651.87 	643.56 	642.28 	641.34 	640.04 	635.32 	636.35 
P_HTHAB,HBEDT,CZ06	791.29 	781.92 	771.24 	782.17 b	750.06 	738.51 	708.60 	704.07 	702.06 	706.47 	708.25 	713.29 
P_HTHAB,HBEDT,CZ07	700.29 	693.56 	683.23 	702.63 b	690.50 	672.08 	642.66 	638.64 	633.68 	635.20 	634.55 	634.22 
P_HTHAB,HBEDT,CZ08	712.61 	698.00 	669.59 	714.99 b	695.73 	673.77 	667.37 	668.99 	678.49 	682.08 	679.12 	678.74 
P_HTHAB,HBEDT,DK01	433.62 	420.60 	410.40 	458.27 	355.30 b	: 	340.83 	251.20 be	249.29 e	319.36 e	306.72 	300.80 
P_HTHAB,HBEDT,DK02	341.17 	326.57 	334.75 	298.23 	320.33 b	: 	317.93 	310.16 be	308.26 e	284.21 e	294.68 	280.90 
P_HTHAB,HBEDT,DK03	343.97 	328.78 	321.26 	306.13 	304.33 b	: 	296.68 	293.08 be	231.48 e	220.75 e	229.12 	155.48 
P_HTHAB,HBEDT,DK04	339.71 	331.46 	315.06 	295.83 	262.22 b	: 	276.39 	240.21 be	242.08 e	215.97 e	220.49 	224.81 
P_HTHAB,HBEDT,DK05	340.02 	332.08 	326.34 	313.94 	306.25 b	: 	279.34 	277.22 be	255.11 e	218.79 e	226.78 	231.74 
P_HTHAB,HBEDT,EE00	548.15 	563.16 	536.97 	527.39 	535.92 	552.58 	500.53 b	500.55 	495.97 	475.84 	469.49 	457.35 
P_HTHAB,HBEDT,EL11	378.45 	383.58 	371.37 	347.65 	375.24 	360.92 	383.15 	: 	: 	: 	: 	: 
P_HTHAB,HBEDT,EL12	526.57 	536.12 	535.83 	472.94 	477.34 	472.45 	439.21 	: 	: 	: 	: 	: 
P_HTHAB,HBEDT,EL13	426.98 	434.98 	438.73 	398.91 	407.35 	434.31 	417.48 	: 	: 	: 	: 	: 
P_HTHAB,HBEDT,EL14	517.00 	537.65 	556.26 	525.04 	550.50 	505.71 	507.00 	: 	: 	: 	: 	: 
P_HTHAB,HBEDT,EL21	466.65 	481.50 	476.85 	442.27 	446.48 	468.16 	429.72 	: 	: 	: 	: 	: 
P_HTHAB,HBEDT,EL22	483.22 	325.59 	323.21 	280.73 	233.17 	257.90 	263.52 	: 	: 	: 	: 	: 
P_HTHAB,HBEDT,EL23	314.67 	311.14 	311.41 	259.53 	278.67 	311.49 	321.40 	: 	: 	: 	: 	: 
P_HTHAB,HBEDT,EL24	189.11 	188.19 	189.40 	176.02 	171.07 	172.40 	164.74 	: 	: 	: 	: 	: 
P_HTHAB,HBEDT,EL25	307.62 	302.52 	314.73 	289.92 	239.68 	240.17 	240.10 	: 	: 	: 	: 	: 
P_HTHAB,HBEDT,EL30	589.44 	582.79 	596.40 	546.84 	553.89 	559.75 	521.74 	520.15 	512.64 	507.86 	505.71 	506.28 
P_HTHAB,HBEDT,EL41	339.66 	346.06 	345.76 	328.67 	321.86 	301.45 	318.55 	314.43 	314.95 	310.23 	303.73 	288.73 
P_HTHAB,HBEDT,EL42	434.71 	380.44 	449.38 	445.22 	311.92 	301.15 	300.84 	321.06 	304.04 	301.56 	311.22 	322.97 
P_HTHAB,HBEDT,EL43	461.98 	465.79 	466.08 	411.28 	408.27 	388.26 	383.20 	392.27 	376.63 	379.13 	381.62 	377.16 
P_HTHAB,HBEDT,EL51	380.18 	383.35 	369.72 	345.10 	371.35 	368.36 	383.15 	406.02 	403.47 	405.70 	402.00 	403.53 
P_HTHAB,HBEDT,EL52	534.64 	544.62 	544.70 	480.75 	485.03 	471.42 	439.21 	431.79 	447.21 	453.47 	450.78 	450.53 
P_HTHAB,HBEDT,EL53	437.28 	445.09 	448.77 	408.14 	417.57 	439.35 	417.48 	422.60 	423.07 	416.99 	407.24 	402.44 
P_HTHAB,HBEDT,EL54	474.86 	493.64 	492.82 	457.50 	458.13 	472.58 	429.72 	417.53 	425.46 	427.92 	429.82 	436.80 
P_HTHAB,HBEDT,EL61	512.13 	531.32 	548.59 	516.90 	541.67 	506.65 	507.00 	518.16 	542.41 	514.94 	546.02 	533.77 
P_HTHAB,HBEDT,EL62	529.59 	360.38 	361.29 	314.91 	261.02 	261.16 	263.52 	269.10 	273.96 	267.75 	293.18 	298.21 
P_HTHAB,HBEDT,EL63	334.47 	332.34 	334.38 	279.79 	300.69 	309.66 	321.40 	297.86 	311.14 	307.91 	301.94 	296.65 
P_HTHAB,HBEDT,EL64	189.25 	187.62 	188.01 	174.08 	168.78 	174.19 	164.74 	170.64 	171.52 	156.17 	158.36 	158.15 
P_HTHAB,HBEDT,EL65	312.11 	305.70 	316.76 	290.64 	239.43 	242.71 	240.10 	240.12 	235.13 	220.99 	219.04 	218.56 
P_HTHAB,HBEDT,ES11	360.31 	359.24 	356.07 	357.17 	342.92 	347.31 	336.13 	330.98 	334.61 	333.13 	332.70 	332.19 p
P_HTHAB,HBEDT,ES12	359.40 	351.22 	348.38 	340.09 	332.90 	332.48 	330.64 	324.44 	326.10 	327.96 	337.45 	339.93 p
P_HTHAB,HBEDT,ES13	368.41 	356.31 	346.75 	334.07 	321.99 	319.35 	316.03 	324.11 	330.00 	328.87 	326.29 	327.79 p
P_HTHAB,HBEDT,ES21	374.15 	370.05 	363.65 	361.98 	353.40 	349.73 	339.81 	336.96 	334.85 	330.24 	329.54 	322.39 p
P_HTHAB,HBEDT,ES22	380.31 	378.78 	375.62 	373.19 	372.40 	345.28 	339.97 	337.20 	332.53 	332.59 	331.10 	330.81 p
P_HTHAB,HBEDT,ES23	303.69 	295.60 	277.93 	291.51 	290.12 	287.37 	312.37 	319.34 	319.93 	323.62 	324.54 	318.62 p
P_HTHAB,HBEDT,ES24	375.70 	376.21 	375.52 	372.09 	368.87 	360.46 	362.60 	367.23 	367.57 	370.75 	375.32 	374.60 p
P_HTHAB,HBEDT,ES30	306.21 	308.86 	300.97 	294.71 	293.48 	288.50 	285.60 	285.33 	281.31 	277.09 	275.29 	273.82 p
P_HTHAB,HBEDT,ES41	354.91 	351.88 	353.45 	352.78 	360.18 	353.50 	344.62 	344.33 	347.73 	342.55 	346.85 	351.95 p
P_HTHAB,HBEDT,ES42	256.10 	256.69 	259.41 	251.13 	246.90 	224.60 	219.21 	220.35 	229.98 	235.31 	234.68 	233.07 p
P_HTHAB,HBEDT,ES43	351.73 	358.37 	348.45 	354.06 	349.49 	341.18 	350.60 	347.53 	330.42 	326.20 	326.35 	330.17 p
P_HTHAB,HBEDT,ES51	422.19 	413.31 	407.76 	402.79 	385.40 	381.82 	375.68 	380.57 	382.81 	384.86 	388.06 	387.88 p
P_HTHAB,HBEDT,ES52	250.41 	243.87 	244.59 	245.91 	238.81 	232.40 	232.96 	234.56 	235.68 	235.99 	236.38 	236.30 p
P_HTHAB,HBEDT,ES53	331.83 	324.18 	310.33 	308.55 	300.04 	297.26 	295.51 	299.18 	310.20 	308.86 	299.58 	299.77 p
P_HTHAB,HBEDT,ES61	249.72 	239.66 	235.89 	225.59 	222.07 	216.55 	219.35 	217.32 	220.12 	217.13 	219.67 	219.07 p
P_HTHAB,HBEDT,ES62	313.62 	313.98 	311.47 	313.46 	317.29 	318.75 	317.60 	319.73 	323.93 	323.32 	317.99 	321.20 p
P_HTHAB,HBEDT,ES63	243.62 	258.91 	236.84 	218.75 	216.36 	216.17 	212.75 	212.56 	210.22 	209.80 	207.94 	208.19 p
P_HTHAB,HBEDT,ES64	279.58 	228.20 	227.56 	215.60 	206.65 	199.50 	197.03 	195.92 	194.88 	189.74 	192.16 	190.09 p
P_HTHAB,HBEDT,ES70	355.86 	345.19 	339.55 	334.06 	323.31 	315.57 	310.89 	311.81 	314.45 	310.01 	310.34 	310.50 p
P_HTHAB,HBEDT,FI19	686.26 	674.42 	653.96 	637.52 	606.98 	582.17 	529.51 	469.39 	450.01 	403.52 	340.68 	329.33 
P_HTHAB,HBEDT,FI1B	525.69 	515.67 	499.10 	429.86 	413.84 	392.25 	364.24 	344.14 	342.41 	323.64 	289.32 	264.35 
P_HTHAB,HBEDT,FI1C	719.75 	696.97 	643.56 	612.91 	575.17 	551.95 	501.68 	474.01 	443.98 	400.14 	303.52 	311.99 
P_HTHAB,HBEDT,FI1D	788.58 	768.11 	727.69 	691.18 	640.57 	622.44 	581.76 	553.57 	531.14 	483.80 	388.07 	394.60 
P_HTHAB,HBEDT,FI20	584.36 	534.71 	536.33 	491.56 	443.57 	415.09 	349.85 	305.65 	262.53 	264.62 	238.49 	202.44 
P_HTHAB,HBEDT,FR10	635.88 	628.23 	618.94 	600.26 	595.93 	592.69 	576.15 	570.11 	562.19 	555.54 	549.56 	539.86 
P_HTHAB,HBEDT,FR21	728.67 	718.62 	639.15 	625.60 	615.40 	613.16 	591.87 	616.16 	605.43 	592.29 	: 	: 
P_HTHAB,HBEDT,FR22	722.57 	718.33 	690.33 	640.49 	638.98 	634.37 	631.02 	624.93 	612.96 	601.46 	: 	: 
P_HTHAB,HBEDT,FR23	597.41 	598.48 	570.75 	567.30 	560.44 	574.91 	561.26 	568.74 	569.97 	567.92 	: 	: 
P_HTHAB,HBEDT,FR24	722.39 	684.55 	666.96 	636.41 	626.12 	626.40 	629.99 	625.29 	628.40 	627.13 	: 	: 
P_HTHAB,HBEDT,FR25	715.64 	712.04 	672.27 	673.20 	658.54 	659.42 	638.79 	639.44 	628.20 	612.02 	: 	: 
P_HTHAB,HBEDT,FR26	757.10 	754.03 	733.92 	724.05 	710.75 	712.89 	711.67 	706.08 	694.76 	694.05 	: 	: 
P_HTHAB,HBEDT,FR30	669.46 	672.40 	655.11 	622.76 	619.49 	627.41 	624.27 	617.52 	611.63 	604.84 	: 	: 
P_HTHAB,HBEDT,FR41	785.06 	755.89 	729.41 	693.17 	682.70 	669.65 	667.38 	657.87 	650.59 	639.98 	: 	: 
P_HTHAB,HBEDT,FR42	774.06 	754.59 	721.76 	659.22 	651.69 	640.33 	637.56 	631.89 	624.69 	611.64 	: 	: 
P_HTHAB,HBEDT,FR43	719.54 	699.27 	650.78 	653.33 	649.52 	642.22 	621.36 	613.54 	601.17 	586.38 	: 	: 
P_HTHAB,HBEDT,FR51	654.19 	632.16 	603.98 	566.93 	560.98 	561.79 	559.19 	546.53 	537.42 	528.55 	: 	: 
P_HTHAB,HBEDT,FR52	793.85 	761.23 	711.53 	673.48 	666.66 	653.78 	650.29 	639.14 	634.86 	620.90 	: 	: 
P_HTHAB,HBEDT,FR53	652.03 	633.14 	600.63 	593.04 	587.46 	590.80 	584.59 	590.18 	577.61 	567.49 	: 	: 
P_HTHAB,HBEDT,FR61	730.95 	707.55 	689.42 	682.67 	674.17 	668.07 	666.04 	653.12 	645.43 	634.59 	: 	: 
P_HTHAB,HBEDT,FR62	720.97 	704.69 	686.47 	662.73 	658.52 	657.20 	645.74 	644.48 	638.29 	628.42 	: 	: 
P_HTHAB,HBEDT,FR63	952.26 	949.05 	865.85 	834.45 	828.00 	837.05 	840.18 	841.65 	841.48 	825.18 	: 	: 
P_HTHAB,HBEDT,FR71	713.49 	685.06 	641.40 	635.32 	626.72 	624.99 	615.56 	603.68 	595.81 	587.98 	: 	: 
P_HTHAB,HBEDT,FR72	884.41 	877.87 	869.53 	770.85 	755.70 	740.99 	748.24 	742.98 	741.59 	740.44 	: 	: 
P_HTHAB,HBEDT,FR81	768.21 	751.72 	747.48 	711.78 	694.93 	691.01 	692.32 	682.84 	677.83 	677.24 	: 	: 
P_HTHAB,HBEDT,FR82	764.79 	751.35 	734.56 	719.98 	715.76 	713.40 	731.86 	720.90 	713.39 	702.74 	: 	: 
P_HTHAB,HBEDT,FR83	764.89 	707.15 	724.77 	729.28 	693.78 	660.84 	617.30 	597.70 	613.65 	609.59 	: 	: 
P_HTHAB,HBEDT,FR91	607.12 	602.86 	598.29 	549.35 	543.07 	567.65 	544.91 	: 	: 	: 	: 	: 
P_HTHAB,HBEDT,FR92	647.96 	577.76 	643.83 	637.18 	596.58 	586.50 	604.68 	: 	: 	: 	: 	: 
P_HTHAB,HBEDT,FR93	418.69 	425.03 	373.97 	367.90 	349.68 	374.65 	373.40 	: 	: 	: 	: 	: 
P_HTHAB,HBEDT,FR94	344.99 	347.16 	344.06 	350.79 	350.39 	368.55 	369.46 	: 	: 	: 	: 	: 
P_HTHAB,HBEDT,FRA1	: 	: 	: 	: 	: 	: 	547.76 	550.31 	554.04 	557.00 	: 	: 
P_HTHAB,HBEDT,FRA2	647.96 	577.76 	643.83 	637.28 	598.22 	586.11 	602.24 	579.77 	585.04 	548.34 	: 	: 
P_HTHAB,HBEDT,FRA3	418.69 	425.03 	373.97 	365.20 	347.03 	375.39 	372.64 	361.97 	359.23 	342.72 	: 	: 
P_HTHAB,HBEDT,FRA4	344.99 	347.16 	344.06 	350.97 	351.39 	369.55 	370.95 	381.22 	390.93 	401.44 	: 	: 
P_HTHAB,HBEDT,FRA5	: 	: 	: 	: 	: 	: 	: 	: 	154.09 	148.15 	: 	: 
P_HTHAB,HBEDT,FRB0	722.39 	684.55 	666.96 	636.41 	626.12 	626.40 	629.99 	625.29 	628.73 	628.24 	616.76 	607.42 
P_HTHAB,HBEDT,FRC1	757.10 	754.03 	733.92 	724.05 	710.75 	712.89 	711.67 	706.08 	695.12 	695.30 	691.38 	685.77 
P_HTHAB,HBEDT,FRC2	719.54 	699.27 	650.78 	653.33 	649.52 	642.22 	621.36 	613.54 	601.07 	586.40 	582.92 	568.19 
P_HTHAB,HBEDT,FRD1	715.64 	712.04 	672.27 	673.20 	658.54 	659.42 	638.79 	639.44 	628.51 	613.02 	614.35 	611.21 
P_HTHAB,HBEDT,FRD2	597.41 	598.48 	570.75 	567.30 	560.44 	574.91 	561.26 	568.74 	570.59 	569.56 	566.11 	568.22 
P_HTHAB,HBEDT,FRE1	669.46 	672.40 	655.11 	622.76 	619.49 	627.41 	624.27 	617.52 	612.29 	606.68 	599.45 	596.45 
P_HTHAB,HBEDT,FRE2	722.57 	718.33 	690.33 	640.49 	638.98 	634.37 	631.02 	624.93 	613.17 	602.27 	594.00 	581.28 
P_HTHAB,HBEDT,FRF1	774.06 	754.59 	721.76 	659.22 	651.69 	640.33 	637.56 	631.89 	624.70 	612.03 	596.10 	591.12 
P_HTHAB,HBEDT,FRF2	728.67 	718.62 	639.15 	625.60 	615.40 	613.16 	591.87 	616.16 	606.18 	594.27 	583.62 	572.35 
P_HTHAB,HBEDT,FRF3	785.06 	755.89 	729.41 	693.17 	682.70 	669.65 	667.38 	657.87 	650.39 	639.71 	634.78 	627.61 
P_HTHAB,HBEDT,FRG0	654.19 	632.16 	603.98 	566.93 	560.98 	561.79 	559.19 	546.53 	537.78 	529.59 	516.54 	508.77 
P_HTHAB,HBEDT,FRH0	793.85 	761.23 	711.53 	673.48 	666.66 	653.78 	650.29 	639.14 	635.12 	621.83 	614.65 	602.73 
P_HTHAB,HBEDT,FRI1	730.95 	707.55 	689.42 	682.67 	674.17 	668.07 	666.04 	653.12 	645.72 	635.63 	629.26 	612.62 
P_HTHAB,HBEDT,FRI2	952.26 	949.05 	865.85 	834.45 	828.00 	837.05 	840.18 	841.65 	842.04 	826.63 	818.92 	799.02 
P_HTHAB,HBEDT,FRI3	652.03 	633.14 	600.63 	593.04 	587.46 	590.80 	584.59 	590.18 	577.75 	568.02 	559.84 	547.26 
P_HTHAB,HBEDT,FRJ1	768.21 	751.72 	747.48 	711.78 	694.93 	691.01 	692.32 	682.84 	678.01 	678.18 	674.24 	660.11 
P_HTHAB,HBEDT,FRJ2	720.97 	704.69 	686.47 	662.73 	658.52 	657.20 	645.74 	644.48 	639.26 	631.02 	628.42 	619.95 
P_HTHAB,HBEDT,FRK1	884.41 	877.87 	869.53 	770.85 	755.70 	740.99 	748.24 	742.98 	741.74 	741.19 	731.62 	730.95 
P_HTHAB,HBEDT,FRK2	713.49 	685.06 	641.40 	635.32 	626.72 	624.99 	615.56 	603.68 	596.53 	589.91 	576.26 	570.93 
P_HTHAB,HBEDT,FRL0	764.79 	751.35 	734.56 	719.98 	715.76 	713.40 	731.86 	720.90 	713.85 	703.99 	699.50 	703.36 
P_HTHAB,HBEDT,FRM0	764.89 	707.15 	724.77 	729.28 	693.78 	660.84 	617.30 	597.70 	613.92 	610.54 	614.92 	603.09 
P_HTHAB,HBEDT,FRY1	: 	: 	: 	: 	: 	: 	547.76 	550.31 	555.16 	559.85 	485.90 	534.26 
P_HTHAB,HBEDT,FRY2	647.96 	577.76 	643.83 	637.28 	598.22 	586.11 	602.24 	579.77 	586.25 	551.03 	547.41 	534.77 
P_HTHAB,HBEDT,FRY3	418.69 	425.03 	373.97 	365.20 	347.03 	375.39 	372.64 	361.97 	357.51 	338.62 	339.07 	367.00 
P_HTHAB,HBEDT,FRY4	344.99 	347.16 	344.06 	350.97 	351.39 	369.55 	370.95 	381.22 	391.63 	402.87 	396.25 	396.94 
P_HTHAB,HBEDT,FRY5	: 	: 	: 	: 	: 	: 	: 	141.70 	153.01 	147.28 	141.69 	136.76 
P_HTHAB,HBEDT,HR03	518.27 	520.83 	486.83 b	495.58 	530.32 	535.07 	533.10 	541.43 	520.22 	504.16 	500.13 	526.08 
P_HTHAB,HBEDT,HR04	587.17 	583.98 	585.13 b	618.39 	626.94 	615.02 	612.20 	615.01 	574.25 	571.79 	581.07 	579.08 
P_HTHAB,HBEDT,HU10	810.57 b	782.54 	773.50 	769.99 	769.58 	755.49 	750.43 	741.25 	735.10 	730.16 	: 	: 
P_HTHAB,HBEDT,HU11	: 	: 	: 	: 	: 	: 	: 	1046.92 	1039.57 	1036.02 	1032.77 	1025.58 
P_HTHAB,HBEDT,HU12	: 	: 	: 	: 	: 	: 	: 	303.74 	299.92 	297.35 	294.51 	291.65 
P_HTHAB,HBEDT,HU21	681.28 b	678.54 	680.18 	687.90 	687.59 	657.76 	675.31 	661.35 	667.57 	675.74 	685.15 	683.13 
P_HTHAB,HBEDT,HU22	710.26 b	709.47 	708.42 	708.06 	712.55 	715.65 	721.19 	721.28 	724.54 	720.12 	719.25 	714.40 
P_HTHAB,HBEDT,HU23	715.02 b	726.89 	728.26 	740.35 	751.47 	734.33 	739.58 	740.05 	742.54 	719.18 	723.16 	721.91 
P_HTHAB,HBEDT,HU31	708.97 b	701.40 	719.87 	729.75 	734.95 	708.45 	716.55 	713.33 	717.52 	729.28 	733.00 	740.63 
P_HTHAB,HBEDT,HU32	667.32 b	660.45 	679.82 	683.16 	675.81 	633.15 	636.96 	626.47 	629.81 	642.45 	649.41 	652.89 
P_HTHAB,HBEDT,HU33	627.11 b	633.53 	640.08 	647.43 	651.73 	642.11 	646.31 	652.02 	656.12 	660.87 	665.68 	674.33 
P_HTHAB,HBEDT,IE01	499.46 	468.55 	263.17 b	248.34 	240.20 	236.57 	240.36 	245.27 	246.16 	247.29 	: 	: 
P_HTHAB,HBEDT,IE02	513.42 	491.47 	289.64 b	281.68 	270.34 	260.74 	261.78 	261.84 	258.80 	264.48 	: 	: 
P_HTHAB,HBEDT,IS00	411.79 	390.97 	369.86 	358.44 	329.14 	324.59 	322.15 	316.14 	311.96 	313.32 	306.35 	287.48 
P_HTHAB,HBEDT,ITC1	400.79 	391.76 	396.04 	393.47 	382.67 	371.31 	366.82 	356.09 	356.13 	357.15 	348.16 	348.36 
P_HTHAB,HBEDT,ITC2	331.73 	317.56 	380.15 	378.78 	380.45 	381.98 	397.76 	366.70 	361.46 	359.54 	360.35 	353.36 
P_HTHAB,HBEDT,ITC3	408.53 	380.75 	385.57 	379.80 	336.98 	365.40 	342.72 	341.02 	349.81 	334.85 	335.72 	336.98 
P_HTHAB,HBEDT,ITC4	407.91 	401.24 	401.61 	396.59 	390.19 	378.63 	365.61 	361.26 	358.50 	355.76 	352.95 	345.89 
P_HTHAB,HBEDT,ITF1	427.26 	376.34 	355.57 	357.93 	332.02 	320.06 	327.23 	314.91 	307.51 	312.60 	303.63 	304.10 
P_HTHAB,HBEDT,ITF2	516.65 	470.21 	458.82 	438.50 	396.82 	379.26 	402.19 	328.31 	361.38 	354.07 	332.50 	292.46 
P_HTHAB,HBEDT,ITF3	323.86 	313.60 	304.93 	299.16 	285.70 	273.99 	273.08 	260.87 	262.06 	258.39 	257.30 	256.47 
P_HTHAB,HBEDT,ITF4	371.79 	359.68 	354.06 	353.26 	329.87 	306.39 	296.52 	278.13 	284.55 	282.37 	283.23 	280.71 
P_HTHAB,HBEDT,ITF5	329.92 	314.44 	313.90 	319.00 	321.37 	317.74 	302.62 	297.66 	299.05 	299.63 	295.56 	281.60 
P_HTHAB,HBEDT,ITF6	383.49 	342.12 	328.01 	321.90 	307.60 	274.47 	244.70 	217.43 	210.28 	222.68 	249.94 	245.81 
P_HTHAB,HBEDT,ITG1	327.86 	312.91 	295.15 	302.61 	292.30 	287.13 	281.65 	273.90 	271.88 	268.94 	271.97 	274.42 
P_HTHAB,HBEDT,ITG2	400.99 	398.13 	396.84 	373.37 	374.38 	344.39 	333.33 	309.45 	314.02 	311.72 	301.21 	309.21 
P_HTHAB,HBEDT,ITH1	426.56 	427.79 	415.76 	407.55 	395.02 	392.77 	386.41 	379.41 	369.25 	380.04 	368.44 	388.32 
P_HTHAB,HBEDT,ITH2	447.32 	435.55 	426.25 	420.44 	409.41 	405.62 	365.29 	356.17 	356.63 	347.32 	365.32 	348.38 
P_HTHAB,HBEDT,ITH3	379.34 	367.69 	363.33 	358.72 	353.01 	344.95 	339.27 	338.37 	341.61 	328.99 	329.76 	323.46 
P_HTHAB,HBEDT,ITH4	358.44 	346.59 	356.70 	362.76 	363.07 	365.79 	358.51 	357.01 	348.64 	332.09 	325.30 	332.90 
P_HTHAB,HBEDT,ITH5	433.22 	421.00 	412.92 	409.79 	421.19 	405.40 	398.60 	385.35 	366.71 	370.40 	377.71 	369.99 
P_HTHAB,HBEDT,ITI1	358.67 	347.52 	331.40 	329.91 	322.43 	322.55 	299.89 	287.91 	294.22 	290.40 	282.13 	284.52 
P_HTHAB,HBEDT,ITI2	315.37 	303.99 	304.19 	300.08 	303.41 	303.48 	313.41 	306.56 	304.38 	304.25 	299.51 	304.53 
P_HTHAB,HBEDT,ITI3	376.61 	376.90 	372.69 	370.71 	357.03 	345.32 	332.31 	322.82 	319.47 	305.79 	308.36 	299.38 
P_HTHAB,HBEDT,ITI4	495.92 	495.64 	443.94 	419.46 	374.66 	373.58 	345.84 	336.45 	330.76 	334.65 	349.36 	331.32 
P_HTHAB,HBEDT,LI00	241.05 	239.62 	195.85 	216.54 	214.81 	212.79 	164.94 	163.77 	160.03 	159.08 	239.71 	101.97 
P_HTHAB,HBEDT,LT00	719.00 	717.83 	718.29 	716.43 	743.40 	743.23 	728.20 	722.15 	696.61 	669.16 	: 	: 
P_HTHAB,HBEDT,LT01	834.57 	829.41 	834.95 	828.75 	852.34 	841.69 	813.44 	797.95 	766.44 	733.16 	718.77 	703.88 
P_HTHAB,HBEDT,LT02	679.23 	678.96 	677.11 	676.13 	703.70 	708.68 	700.45 	699.21 	669.78 	644.17 	630.71 	618.88 
P_HTHAB,HBEDT,LU00	566.88 	556.84 	546.62 	536.74 	527.83 	515.31 	517.15 	505.29 	493.33 	480.58 	466.18 	450.70 
P_HTHAB,HBEDT,LV00	783.20 	776.50 	673.96 	568.28 	588.00 	588.50 	579.98 	565.71 	569.45 	571.97 	556.67 	549.35 
P_HTHAB,HBEDT,ME00	404.99 	392.96 	394.29 	398.11 	397.69 	397.36 	388.92 	393.37 	393.15 	393.06 	386.10 	391.31 
P_HTHAB,HBEDT,MK00	456.36 	454.64 	447.80 	459.07 	450.76 	440.36 	444.65 	439.64 	438.86 	437.16 	428.05 	: 
P_HTHAB,HBEDT,MT00	784.81 	738.92 	483.18 b	452.10 	438.18 b	470.68 	477.50 	458.86 	458.60 	467.11 	448.51 	430.84 
P_HTHAB,HBEDT,NO01	: 	: 	463.70 	403.31 	407.27 	377.22 	373.78 	377.84 	383.57 	379.10 	365.12 	363.80 
P_HTHAB,HBEDT,NO02	: 	: 	579.25 	572.69 	516.86 	511.49 	499.47 	511.34 	509.50 	491.76 	495.79 	492.90 
P_HTHAB,HBEDT,NO03	: 	: 	427.64 	409.06 	395.07 	370.56 	356.88 	353.94 	336.49 	327.24 	315.07 	301.09 
P_HTHAB,HBEDT,NO04	: 	: 	365.65 	361.73 	363.25 	343.76 	334.65 	327.42 	316.43 	309.41 	303.98 	298.55 
P_HTHAB,HBEDT,NO05	: 	: 	427.49 	404.66 	401.81 	381.50 	374.23 	376.41 	362.13 	352.39 	346.75 	333.64 
P_HTHAB,HBEDT,NO06	: 	: 	471.21 	447.95 	448.49 	432.68 	409.38 	393.67 	378.42 	373.65 	365.03 	361.44 
P_HTHAB,HBEDT,NO07	: 	: 	525.05 	504.35 	486.68 	484.92 	462.32 	456.81 	449.05 	442.29 	438.26 	430.66 
P_HTHAB,HBEDT,PL11	561.06 	581.65 bd	582.45 d	579.20 d	581.56 d	559.26 bd	573.58 d	571.53 d	574.90 d	569.02 	: 	: 
P_HTHAB,HBEDT,PL12	549.08 	570.10 bd	566.16 d	562.19 d	564.29 d	560.88 bd	563.42 d	557.01 d	550.57 d	554.42 	: 	: 
P_HTHAB,HBEDT,PL21	659.98 	681.61 bd	685.47 d	661.80 d	656.52 d	657.35 bd	657.02 d	662.19 d	653.92 d	653.45 	658.33 	658.71 
P_HTHAB,HBEDT,PL22	672.94 	695.61 bd	684.82 d	676.02 d	677.19 d	681.19 bd	683.33 d	676.16 d	667.18 d	671.79 	663.29 	656.05 
P_HTHAB,HBEDT,PL31	655.87 	684.65 bd	690.27 d	675.68 d	673.32 d	673.55 bd	653.44 d	650.92 d	652.23 d	652.18 	: 	: 
P_HTHAB,HBEDT,PL32	669.15 	692.76 bd	696.69 d	693.99 d	699.49 d	709.20 bd	708.34 d	708.53 d	720.10 d	723.33 	: 	: 
P_HTHAB,HBEDT,PL33	726.86 	758.69 bd	767.25 d	755.42 d	776.27 d	799.25 bd	780.60 d	805.84 d	830.41 d	836.73 	: 	: 
P_HTHAB,HBEDT,PL34	612.12 	626.90 bd	637.77 d	619.27 d	604.08 d	603.38 bd	614.68 d	620.93 d	626.28 d	619.29 	: 	: 
P_HTHAB,HBEDT,PL41	519.32 	536.07 bd	532.11 d	519.01 d	516.85 d	519.48 bd	475.70 d	504.65 d	508.79 d	498.55 	502.06 	487.41 
P_HTHAB,HBEDT,PL42	1033.35 	1085.95 bd	1123.15 d	1191.64 d	1258.83 d	1198.80 bd	1199.66 d	1166.67 d	1218.91 d	1201.81 	1196.15 	1203.38 
P_HTHAB,HBEDT,PL43	518.49 	531.07 bd	529.48 d	513.19 d	538.71 d	568.93 bd	561.72 d	560.02 d	520.62 d	516.80 	521.35 	509.61 
P_HTHAB,HBEDT,PL51	783.27 	778.70 bd	798.91 d	799.74 d	788.85 d	792.94 bd	800.21 d	790.36 d	790.80 d	791.23 	776.47 	774.78 
P_HTHAB,HBEDT,PL52	520.72 	547.89 bd	569.23 d	582.98 d	579.76 d	599.78 bd	594.79 d	590.05 d	566.44 d	585.62 	565.51 	547.91 
P_HTHAB,HBEDT,PL61	801.35 	811.02 bd	808.03 d	808.94 d	807.08 d	817.74 bd	845.72 d	854.42 d	857.44 d	879.06 	895.27 	894.93 
P_HTHAB,HBEDT,PL62	577.28 	589.02 bd	598.41 d	575.69 d	561.39 d	560.94 bd	556.84 d	554.69 d	554.76 d	562.62 	573.74 	553.32 
P_HTHAB,HBEDT,PL63	505.83 	519.95 bd	543.10 d	529.76 d	520.83 d	532.03 bd	535.68 d	567.55 d	574.86 d	569.47 	574.89 	551.39 
P_HTHAB,HBEDT,PL71	: 	: 	: 	: 	: 	: 	: 	571.53 d	574.90 d	569.02 	564.28 	548.13 
P_HTHAB,HBEDT,PL72	: 	: 	: 	: 	: 	: 	: 	805.84 d	830.41 d	836.73 	833.76 	802.28 
P_HTHAB,HBEDT,PL81	: 	: 	: 	: 	: 	: 	: 	650.92 d	652.23 d	652.18 	657.20 	658.33 
P_HTHAB,HBEDT,PL82	: 	: 	: 	: 	: 	: 	: 	708.53 d	720.10 d	723.33 	714.72 	704.02 
P_HTHAB,HBEDT,PL84	: 	: 	: 	: 	: 	: 	: 	620.93 d	626.28 d	619.29 	631.02 	628.80 
P_HTHAB,HBEDT,PL91	: 	: 	: 	: 	: 	: 	: 	: 	: 	: 	: 	610.61 
P_HTHAB,HBEDT,PL92	: 	: 	: 	: 	: 	: 	: 	: 	: 	: 	: 	450.92 
P_HTHAB,HBEDT,PT11	291.71 	282.12 	286.31 	292.99 	294.09 	296.54 	298.07 	299.95 	298.00 	307.19 	312.34 	320.19 
P_HTHAB,HBEDT,PT15	222.39 	204.88 	203.63 	205.77 	222.86 	249.51 	263.89 	255.03 	249.94 	250.17 	256.05 	283.90 
P_HTHAB,HBEDT,PT16	342.76 	354.75 	344.13 	336.96 	326.22 	330.78 	316.46 	298.69 	305.99 	312.25 	314.62 	314.12 
P_HTHAB,HBEDT,PT17	415.42 	404.83 	404.87 	399.72 	394.88 	393.31 	396.27 	385.85 	396.88 	390.27 	380.90 	383.10 
P_HTHAB,HBEDT,PT18	221.49 	216.16 	206.06 	210.55 	224.97 	224.74 	220.24 	211.29 	217.18 	213.24 	216.92 	218.00 
P_HTHAB,HBEDT,PT20	604.42 	610.49 	611.87 	612.98 	608.56 	613.25 	609.71 	604.30 	612.05 	619.08 	605.14 	608.17 
P_HTHAB,HBEDT,PT30	639.82 	634.53 	617.09 	616.44 	679.07 	705.44 	712.05 	700.77 	721.79 	709.17 	707.32 	726.32 
P_HTHAB,HBEDT,RO11	739.94 	727.11 	729.88 	671.33 	681.44 	698.12 	703.06 	698.18 	708.70 	712.46 	718.04 	726.78 
P_HTHAB,HBEDT,RO12	716.57 	705.21 	715.58 	649.48 	658.29 	689.24 	706.72 	708.62 	707.53 	713.38 	716.25 	718.86 
P_HTHAB,HBEDT,RO21	581.52 	595.15 	598.41 	567.28 	577.61 	629.85 	633.41 	639.47 	645.05 	645.13 	648.59 	657.75 
P_HTHAB,HBEDT,RO22	562.01 	562.04 	561.89 	522.11 	536.07 	569.23 	575.74 	583.95 	589.33 	595.61 	601.93 	617.04 
P_HTHAB,HBEDT,RO31	496.57 	496.85 	511.07 	481.92 	460.85 	474.56 	481.82 	487.25 	486.44 	492.20 	496.57 	506.49 
P_HTHAB,HBEDT,RO32	970.73 	993.79 	986.27 	988.89 	967.59 	981.94 	998.16 	995.58 	1023.18 	1022.74 	1018.22 	1012.51 
P_HTHAB,HBEDT,RO41	564.73 	569.77 	576.18 	569.88 	574.49 	600.87 	609.10 	621.42 	628.20 	641.96 	649.34 	662.35 
P_HTHAB,HBEDT,RO42	731.56 	735.15 	741.95 	706.29 	705.63 	724.95 	718.90 	719.96 	730.83 	733.30 	747.88 	746.88 
P_HTHAB,HBEDT,RS11	: 	: 	: 	: 	: 	: 	: 	: 	: 	: 	622.60 	626.14 
P_HTHAB,HBEDT,RS12	: 	: 	: 	: 	: 	: 	: 	: 	: 	: 	575.63 	570.77 
P_HTHAB,HBEDT,RS21	: 	: 	: 	: 	: 	: 	: 	: 	: 	: 	478.43 	481.34 
P_HTHAB,HBEDT,RS22	: 	: 	: 	: 	: 	: 	: 	: 	: 	: 	579.39 	592.67 
P_HTHAB,HBEDT,SE11	246.04 	238.58 	236.27 	238.81 	240.29 	243.59 b	242.37 	236.82 	233.12 	232.55 	216.11 	206.78 
P_HTHAB,HBEDT,SE12	304.87 	294.79 	293.89 	289.88 	280.62 	275.39 b	264.59 	257.71 	243.71 	233.91 	219.81 	215.39 
P_HTHAB,HBEDT,SE21	295.47 	288.61 	282.58 	284.52 	284.75 	283.78 b	279.47 	279.04 	269.43 	251.73 	229.50 	224.45 
P_HTHAB,HBEDT,SE22	297.19 	286.87 	282.62 	281.63 	277.04 	267.53 b	253.32 	245.38 	233.35 	226.58 	221.82 	209.72 
P_HTHAB,HBEDT,SE23	290.74 	288.80 	282.25 	269.88 	269.72 	255.10 b	252.92 	253.12 	241.98 	223.48 	210.64 	206.77 
P_HTHAB,HBEDT,SE31	264.27 	263.85 	257.65 	257.63 	254.08 	259.73 b	253.47 	245.14 	237.63 	227.36 	220.86 	209.67 
P_HTHAB,HBEDT,SE32	312.12 	314.05 	305.41 	283.08 	283.29 	284.27 b	282.30 	271.11 	266.90 	244.93 	242.13 	235.53 
P_HTHAB,HBEDT,SE33	342.16 	342.04 	340.67 	338.17 	333.43 	328.40 b	315.09 	300.91 	281.63 	274.10 	258.83 	252.78 
P_HTHAB,HBEDT,SI01	363.31 	375.67 	363.86 	361.99 	372.43 	372.86 	379.95 	: 	: 	: 	: 	: 
P_HTHAB,HBEDT,SI02	589.69 	586.97 	569.55 	564.35 	563.13 	545.22 	538.29 	: 	: 	: 	: 	: 
P_HTHAB,HBEDT,SI03	: 	370.70 	359.01 	357.11 	367.38 	367.78 	374.74 	375.92 	373.79 	373.00 	375.26 	370.58 
P_HTHAB,HBEDT,SI04	: 	596.11 	578.40 	573.15 	571.91 	553.72 	546.68 	541.71 	538.81 	533.61 	533.02 	523.11 
P_HTHAB,HBEDT,SK01	919.24 	902.68 	887.54 	869.67 	808.64 	806.42 	781.76 	761.85 	754.26 	748.13 	741.07 	725.71 b
P_HTHAB,HBEDT,SK02	554.99 	535.07 	527.50 	524.40 	490.64 	471.53 	472.90 	474.14 	474.72 	472.36 	473.06 	450.94 b
P_HTHAB,HBEDT,SK03	644.97 	633.59 	637.81 	624.10 	582.95 	579.39 	582.23 	582.32 	583.43 	580.84 	582.83 	579.62 b
P_HTHAB,HBEDT,SK04	759.92 	733.64 	727.91 	721.89 	678.13 	655.86 	624.29 	623.43 	611.03 	629.51 	640.98 	631.93 b
P_HTHAB,HBEDT,TR10	: 	253.67 	256.74 	257.84 	232.94 	234.62 	236.33 	235.35 	234.82 	245.23 	254.44 	261.34 
P_HTHAB,HBEDT,TR21	: 	291.98 	288.62 	295.13 	285.18 	285.96 	283.83 	289.86 	287.34 	316.14 	316.83 	308.68 
P_HTHAB,HBEDT,TR22	: 	271.67 	278.38 	287.19 	263.99 	264.87 	263.29 	255.68 	256.52 	254.80 	271.09 	285.17 
P_HTHAB,HBEDT,TR31	: 	308.15 	301.32 	300.83 	282.48 	286.40 	281.68 	280.20 	276.91 	272.19 	280.41 	278.64 
P_HTHAB,HBEDT,TR32	: 	226.20 	217.44 	239.10 	233.96 	238.22 	253.78 	261.31 	266.16 	267.87 	277.63 	274.52 
P_HTHAB,HBEDT,TR33	: 	265.34 	270.19 	268.96 	283.18 	288.43 	287.58 	290.58 	294.78 	303.68 	314.64 	320.63 
P_HTHAB,HBEDT,TR41	: 	288.75 	279.07 	298.75 	282.41 	283.94 	278.57 	280.10 	275.92 	272.80 	262.31 	277.32 
P_HTHAB,HBEDT,TR42	: 	216.84 	219.38 	228.44 	229.09 	239.70 	240.70 	251.10 	256.47 	246.65 	237.42 	236.09 
P_HTHAB,HBEDT,TR51	: 	433.09 	440.75 	469.30 	383.08 	377.58 	360.26 	365.68 	347.56 	354.90 	340.71 	334.11 
P_HTHAB,HBEDT,TR52	: 	232.51 	244.27 	318.41 	322.10 	323.97 	316.75 	312.79 	294.25 	319.48 	315.08 	332.70 
P_HTHAB,HBEDT,TR61	: 	264.31 	268.96 	277.17 	289.27 	279.88 	274.80 	272.63 	280.56 	280.70 	311.14 	321.00 
P_HTHAB,HBEDT,TR62	: 	230.90 	228.49 	246.90 	249.09 	250.88 	252.55 	255.84 	263.23 	259.37 	293.54 	293.18 
P_HTHAB,HBEDT,TR63	: 	158.66 	159.83 	175.00 	178.12 	188.94 	191.74 	208.09 	222.70 	246.77 	253.41 	258.57 
P_HTHAB,HBEDT,TR71	: 	207.73 	221.18 	255.51 	231.02 	236.04 	217.37 	229.87 	241.78 	243.42 	260.44 	259.63 
P_HTHAB,HBEDT,TR72	: 	263.26 	272.27 	290.16 	313.08 	315.63 	315.45 	317.50 	314.94 	323.78 	328.90 	347.36 
P_HTHAB,HBEDT,TR81	: 	293.43 	296.54 	281.88 	301.29 	307.42 	308.27 	306.40 	317.16 	318.99 	313.66 	321.19 
P_HTHAB,HBEDT,TR82	: 	265.02 	272.50 	260.04 	275.52 	295.25 	269.83 	270.03 	257.08 	266.93 	270.86 	264.93 
P_HTHAB,HBEDT,TR83	: 	283.51 	301.68 	299.52 	298.04 	303.00 	302.07 	314.97 	312.20 	311.03 	327.02 	333.11 
P_HTHAB,HBEDT,TR90	: 	298.20 	319.27 	321.13 	318.34 	333.16 	326.97 	324.31 	316.63 	327.88 	326.69 	326.87 
P_HTHAB,HBEDT,TRA1	: 	412.57 	441.25 	440.52 	399.66 	402.57 	410.45 	407.15 	414.01 	380.95 	400.07 	404.25 
P_HTHAB,HBEDT,TRA2	: 	155.12 	164.47 	158.89 	153.89 	180.55 	186.04 	186.16 	185.08 	181.93 	188.66 	190.03 
P_HTHAB,HBEDT,TRB1	: 	354.29 	337.51 	369.61 	368.63 	359.89 	362.32 	367.50 	380.21 	361.10 	382.48 	389.42 
P_HTHAB,HBEDT,TRB2	: 	196.27 	203.18 	204.64 	195.11 	195.37 	210.33 	214.75 	214.29 	232.45 	232.82 	231.64 
P_HTHAB,HBEDT,TRC1	: 	177.92 	183.06 	203.14 	197.06 	218.11 	222.54 	228.45 	229.90 	269.22 	274.57 	275.19 
P_HTHAB,HBEDT,TRC2	: 	175.18 	174.54 	199.71 	196.53 	211.55 	218.73 	214.16 	217.78 	230.97 	231.39 	232.52 
P_HTHAB,HBEDT,TRC3	: 	106.29 	133.00 	131.51 	149.80 	155.19 	157.27 	168.26 	174.18 	185.42 	192.18 	187.94 
